question,contexts,answer,ground_truth,faithfulness,answer_relevancy,context_precision,context_relevancy,context_recall,context_entity_recall,answer_similarity,answer_correctness,harmfulness,maliciousness,coherence,correctness,conciseness
How can clearing cache and temp files help resolve issues with company-issued software?,"['[""**Step 1: Verify Software Installation and Licensing**\\n\\nWhen troubleshooting issues with company-issued software, the first step is to verify that the software is properly installed and licensed. Check the software\'s installation directory to ensure that all necessary files are present and that the software is registered to the correct user or organization. Additionally, verify that the software is properly licensed by checking the license key or subscription status.\\n\\n**Step 2: Review System Requirements**\\n\\nEnsure that the user\'s system meets the minimum system requirements for the software. Check the software\'s documentation or the company\'s IT portal for the required specifications, such as operating system, processor speed, and memory. If the system does not meet the minimum requirements, consider upgrading or replacing the system.\\n\\n**Step 3: Check for Conflicting Software**\\n\\nIdentify any conflicting software that may be interfering with the company-issued software. Common culprits include antivirus software, firewalls, or other applications that may be using similar resources. Try closing or uninstalling these applications to see if the issue resolves.\\n\\n**Step 4: Clear Cache and Temp Files**\\n\\nClearing cache and temp files can often resolve issues with company-issued software. Use the software\'s built-in cleaning tools or third-party utilities to remove temporary files, cache, and other data that may be causing the issue.\\n\\n**Step 5: Check for Updates and Patches**\\n\\nEnsure that the software is up-to-date with the latest patches and updates. Check the software\'s update settings or the company\'s IT portal for available updates. Installing the latest updates may resolve the issue.\\n\\n**Step 6: Consult Software Documentation and Online Resources**\\n\\nConsult the software\'s documentation, user manuals, and online resources, such as FAQs, knowledge bases, and forums. These resources may provide solutions to common issues or troubleshooting steps specific to the software.\\n\\n**Step 7: Escalate to Advanced Support**\\n\\nIf the above steps do not resolve the issue, escalate the issue to advanced support for further assistance. Provide detailed information about the issue, including error messages, screenshots, and any troubleshooting steps taken so far. Advanced support may have additional tools and expertise to diagnose and resolve the issue.\\n\\n**Step 8: Consider Reinstallation**\\n\\nAs a last resort, consider reinstalling the software. This should only be done after exhausting all other troubleshooting steps and with the approval of the user and IT management. Reinstallation may resolve the issue, but it may also result in data loss or require reconfiguration of software settings.\\n\\nBy following these steps, helpdesk specialists can effectively troubleshoot issues with company-issued software and provide timely and effective support to users.""]']","Clearing cache and temp files can often resolve issues with company-issued software. Use the software's built-in cleaning tools or third-party utilities to remove temporary files, cache, and other data that may be causing the issue.","Here is the ideal ground truth answer:

Clearing cache and temp files can help resolve issues with company-issued software by removing temporary files, cache, and other data that may be causing the issue. This is because these files can interfere with the software's proper functioning, leading to problems. By using the software's built-in cleaning tools or third-party utilities to clear cache and temp files, helpdesk specialists may be able to resolve the issue and restore the software to its normal operating state. This step is particularly useful after verifying software installation and licensing, reviewing system requirements, checking for conflicting software, and before checking for updates and patches.",1.0,0.9051727166915983,0.9999999999,0.041666666666666664,0.25,0.4210526313573407,0.9496699254665049,0.468186712135857,0,0,1,1,1
What steps should be taken to ensure that System Protection is enabled on a Windows machine before creating a restore point?,"['[\'Creating a restore point on a Windows machine is a crucial step in ensuring that your system can be restored to a previous point in time in case of system failures, software installations, or other issues. Here\\\'s a step-by-step guide on how to create a restore point on a Windows machine:\\n\\n**Prerequisites:**\\n\\n* You must have administrative privileges on the Windows machine to create a restore point.\\n* Ensure that System Protection is enabled on the machine.\\n\\n**Step 1: Open System Properties**\\n\\n1. Click on the Start button and type ""System"" in the search bar.\\n2. Click on ""System"" from the search results to open System Properties.\\n3. Alternatively, you can also press the Windows key + Pause/Break to open System Properties.\\n\\n**Step 2: Open System Protection**\\n\\n1. In the System Properties window, click on the ""System Protection"" tab.\\n2. Click on the ""Create"" button under ""System Protection"" to open the ""Create a restore point"" window.\\n\\n**Step 3: Create a Restore Point**\\n\\n1. In the ""Create a restore point"" window, click on the ""Create"" button to create a new restore point.\\n2. Windows will create a restore point and display a confirmation message.\\n\\n**Step 4: Verify the Restore Point**\\n\\n1. Click on the ""System Protection"" tab again to view the list of available restore points.\\n2. Verify that the newly created restore point is listed with the current date and time.\\n\\n**Tips and Best Practices:**\\n\\n* It\\\'s recommended to create a restore point before making any significant changes to your system, such as installing new software or drivers.\\n* You can also schedule Windows to create restore points automatically at regular intervals.\\n* Restore points are saved on the system drive (usually C:), so ensure that you have sufficient disk space available.\\n* You can also use the ""System Restore"" feature to restore your system to a previous point in time using the created restore points.\\n\\n**Troubleshooting:**\\n\\n* If you encounter any issues while creating a restore point, check the Event Viewer logs for errors or warnings.\\n* Ensure that the System Protection feature is enabled and configured correctly.\\n\\nBy following these steps, you can create a restore point on a Windows machine and ensure that your system can be restored to a previous point in time in case of any issues.\']']",,"Ideal Ground Truth Answer:

To ensure that System Protection is enabled on a Windows machine before creating a restore point, follow these steps:

1. Open System Properties by clicking on the Start button, typing ""System"" in the search bar, and selecting ""System"" from the search results. Alternatively, press the Windows key + Pause/Break.
2. In the System Properties window, click on the ""System Protection"" tab.
3. Check if System Protection is enabled. If it is not enabled, enable it by configuring the System Protection feature correctly.

Note: The context does not provide explicit steps for enabling System Protection. However, it is mentioned as a prerequisite for creating a restore point, and the troubleshooting section suggests ensuring that the System Protection feature is enabled and configured correctly. Therefore, this answer assumes that enabling System Protection involves configuring the feature correctly, but the exact steps are not provided in the context.",1.0,0.8802355023265781,0.0,0.034482758620689655,0.6666666666666666,0.7999999992,0.6507103312452532,0.1626775828113133,0,0,1,1,1
What steps should you follow to reset your computer password using the IT Helpdesk?,"['[\'**Resetting a Forgotten Computer Password**\\n\\nIf you have forgotten your computer password, you can reset it using the following steps:\\n\\n**Option 1: Reset Password using Password Reset Tool (Recommended)**\\n\\n1. Go to the Password Reset Tool website ([insert company URL]) and click on ""Forgot Password"".\\n2. Enter your username or email address associated with your company account.\\n3. Click on ""Next"" to proceed.\\n4. Choose a verification method (e.g., text message, phone call, or authenticator app) and follow the prompts to receive a verification code.\\n5. Enter the verification code and click on ""Next"".\\n6. Create a new password that meets the company\\\'s password policy (minimum 12 characters, including uppercase, lowercase, numbers, and special characters).\\n7. Re-enter the new password to confirm.\\n8. Click on ""Reset Password"" to complete the process.\\n\\n**Option 2: Reset Password using IT Helpdesk**\\n\\n1. Contact the IT Helpdesk via phone ([insert phone number]) or email ([insert email address]).\\n2. Provide your username or employee ID to the helpdesk specialist.\\n3. Verify your identity by answering security questions or providing additional information.\\n4. The helpdesk specialist will guide you through the password reset process and provide a temporary password.\\n5. Log in to your computer using the temporary password.\\n6. Immediately change the temporary password to a new password that meets the company\\\'s password policy (minimum 12 characters, including uppercase, lowercase, numbers, and special characters).\\n\\n**Post-Password Reset Steps**\\n\\n1. Log in to your computer with your new password.\\n2. Update any saved passwords in your web browsers, email clients, or other applications.\\n3. Consider enabling two-factor authentication (2FA) to add an extra layer of security to your account.\\n\\n**Important Notes**\\n\\n* If you are unable to reset your password using the above methods, please contact the IT Helpdesk for further assistance.\\n* It is essential to keep your password confidential and not share it with anyone.\\n* If you suspect your account has been compromised, report it to the IT Helpdesk immediately.\\n\\nBy following these steps, you should be able to reset your forgotten computer password and regain access to your account.\']']","To reset your computer password using the IT Helpdesk, follow these steps: 1. Contact the IT Helpdesk via phone or email. 2. Provide your username or employee ID to the helpdesk specialist. 3. Verify your identity by answering security questions or providing additional information. 4. The helpdesk specialist will guide you through the password reset process and provide a temporary password. 5. Log in to your computer using the temporary password. 6. Immediately change the temporary password to a new password that meets the company's password policy (minimum 12 characters, including uppercase, lowercase, numbers, and special characters).","Here is the ideal ground truth answer:

To reset your computer password using the IT Helpdesk, follow these steps:

1. Contact the IT Helpdesk via phone ([insert phone number]) or email ([insert email address]).
2. Provide your username or employee ID to the helpdesk specialist.
3. Verify your identity by answering security questions or providing additional information.
4. The helpdesk specialist will guide you through the password reset process and provide a temporary password.
5. Log in to your computer using the temporary password.
6. Immediately change the temporary password to a new password that meets the company's password policy (minimum 12 characters, including uppercase, lowercase, numbers, and special characters).

By following these steps, you should be able to reset your forgotten computer password using the IT Helpdesk.",1.0,0.981183262944608,0.9999999999,0.15384615384615385,1.0,0.07142857137755101,0.9769572982875281,0.8870964674290248,0,0,1,1,1
How can checking for updates help resolve issues in Microsoft Publisher?,"['[""**Troubleshooting Issues with Microsoft Publisher**\\n\\nMicrosoft Publisher is a popular desktop publishing software used to create a variety of publications, including brochures, newsletters, and postcards. While it\'s a powerful tool, users may occasionally encounter issues that hinder their productivity. This article provides steps to troubleshoot common issues with Microsoft Publisher.\\n\\n**Step 1: Restart Microsoft Publisher**\\n\\nOne of the simplest and most effective troubleshooting steps is to restart Microsoft Publisher. This can often resolve issues caused by temporary glitches or corrupted files. Close all instances of Publisher, wait for 30 seconds, and then reopen the application.\\n\\n**Step 2: Check for Updates**\\n\\nOutdated software can cause compatibility issues and errors. Ensure that Microsoft Publisher is up-to-date by checking for updates in the Microsoft Store or through the built-in update feature within Publisher.\\n\\n**Step 3: Disable Add-ins**\\n\\nAdd-ins are third-party plugins that can enhance Publisher\'s functionality. However, they can also cause conflicts and errors. Try disabling all add-ins and then restart Publisher. If the issue persists, re-enable add-ins one by one to identify the problematic plugin.\\n\\n**Step 4: Check File Integrity**\\n\\nCorrupted files can cause issues in Publisher. Try opening a different file or creating a new one to isolate the problem. If the issue persists, try repairing the file using the built-in repair tool or by saving the file in a different format.\\n\\n**Step 5: Check Printer Settings**\\n\\nPrinter settings can affect how Publisher interacts with your printer. Ensure that the printer is properly configured and that the correct paper size and orientation are selected.\\n\\n**Step 6: Check for Conflicting Programs**\\n\\nOther applications may be interfering with Publisher\'s functionality. Try closing all other applications and background programs, then restart Publisher.\\n\\n**Step 7: Check for System File Corruption**\\n\\nSystem file corruption can cause issues with Publisher. Run the built-in System File Checker tool (SFC) to scan and repair corrupted system files.\\n\\n**Step 8: Reinstall Microsoft Publisher**\\n\\nIf all else fails, try reinstalling Microsoft Publisher. This will reset the application to its default settings and may resolve any underlying issues.\\n\\n**Additional Troubleshooting Tips**\\n\\n* Ensure that the system meets the minimum system requirements for Microsoft Publisher.\\n* Check for any recently installed software or updates that may be conflicting with Publisher.\\n* Try running Publisher in Safe Mode to disable any customizations or add-ins that may be causing issues.\\n* If using a template, try creating a new publication from scratch to isolate the problem.\\n\\nBy following these steps, you should be able to troubleshoot and resolve common issues with Microsoft Publisher. If the problem persists, please contact the IT helpdesk for further assistance.""]']","Checking for updates can help resolve issues in Microsoft Publisher by ensuring that the software is up-to-date. Outdated software can cause compatibility issues and errors, so updating Publisher can fix these problems.","Here is the ideal ground truth answer:

Checking for updates can help resolve issues in Microsoft Publisher by ensuring that the software is up-to-date, which can resolve compatibility issues and errors caused by outdated software. Outdated software can cause conflicts and errors, and updating Microsoft Publisher can fix these issues. This is mentioned in Step 2 of the troubleshooting process, which advises users to check for updates in the Microsoft Store or through the built-in update feature within Publisher. By keeping the software current, users can avoid problems that may arise from using an outdated version of Microsoft Publisher.",0.25,0.9999999999999999,0.9999999999,0.06666666666666667,1.0,0.6666666644444444,0.9542883196734082,0.6385720799183521,0,0,1,1,1
What information is required to configure the outgoing server settings when setting up email on an Android device?,"['[\'**Configuring Email on an Android Device**\\n\\nThis article provides step-by-step instructions on how to configure email on an Android device. Please follow the steps below to set up your email account on your Android device.\\n\\n**Prerequisites:**\\n\\n* An Android device with a valid internet connection\\n* A valid email account (company email or personal email)\\n* Email account credentials (username and password)\\n\\n**Step 1: Go to the Email App**\\n\\n* Locate the Email app on your Android device. It may be on the home screen or in the app drawer.\\n* Tap on the Email app to open it.\\n\\n**Step 2: Add a New Account**\\n\\n* Tap on the ""Add account"" or ""Add email account"" button.\\n* Select ""Email"" or ""Corporate"" as the account type, depending on your email provider.\\n* Enter your email address and password in the required fields.\\n* Tap ""Next"" to proceed.\\n\\n**Step 3: Configure Server Settings**\\n\\n* The device will attempt to automatically configure the server settings. If it fails, you will need to enter the settings manually.\\n* Tap on ""Manual setup"" or ""Advanced setup"" to enter the server settings manually.\\n* Enter the following information:\\n\\t+ Incoming server: [company email server or personal email server]\\n\\t+ Port: [company email port or personal email port]\\n\\t+ Security type: [company email security type or personal email security type]\\n\\t+ Username: [your email address]\\n\\t+ Password: [your email password]\\n* Tap ""Next"" to proceed.\\n\\n**Step 4: Configure Outgoing Server Settings**\\n\\n* Enter the following information:\\n\\t+ Outgoing server: [company email server or personal email server]\\n\\t+ Port: [company email port or personal email port]\\n\\t+ Security type: [company email security type or personal email security type]\\n\\t+ Username: [your email address]\\n\\t+ Password: [your email password]\\n* Tap ""Next"" to proceed.\\n\\n**Step 5: Account Options**\\n\\n* You may be prompted to configure additional account options, such as:\\n\\t+ Sync frequency: Choose how often you want your device to sync with the email server.\\n\\t+ Sync size: Choose the maximum size of emails to sync.\\n\\t+ Delete email from server: Choose whether to delete emails from the server after syncing.\\n* Tap ""Next"" to proceed.\\n\\n**Step 6: Account Setup Complete**\\n\\n* You will be prompted to give your account a name and set it as the default account.\\n* Tap ""Done"" to complete the setup.\\n\\n**Troubleshooting Tips:**\\n\\n* If you encounter any issues during the setup process, try restarting the Email app or your device.\\n* Ensure that your email account credentials are correct and that your internet connection is stable.\\n* If you are still experiencing issues, contact the IT helpdesk for further assistance.\\n\\nBy following these steps, you should be able to successfully configure email on your Android device.\']']","To configure the outgoing server settings when setting up email on an Android device, you need the following information: Outgoing server, Port, Security type, Username (your email address), and Password (your email password).","Based on the provided context, the ideal ground truth answer to the question ""What information is required to configure the outgoing server settings when setting up email on an Android device?"" is:

To configure the outgoing server settings when setting up email on an Android device, the following information is required:

* Outgoing server: [company email server or personal email server]
* Port: [company email port or personal email port]
* Security type: [company email security type or personal email security type]
* Username: [your email address]
* Password: [your email password]

This information is necessary to manually configure the outgoing server settings in the Email app on the Android device, as outlined in Step 4 of the provided instructions.",1.0,0.9924369781676003,0.9999999999,0.2,1.0,0.29411764688581316,0.9357667226089991,0.23394168065224977,0,0,1,1,1
What's needed before entering server settings on Android?,"['[\'**Configuring Email on an Android Device**\\n\\nThis article provides step-by-step instructions on how to configure email on an Android device. Please follow the steps below to set up your email account on your Android device.\\n\\n**Prerequisites:**\\n\\n* An Android device with a valid internet connection\\n* A valid email account (company email or personal email)\\n* Email account credentials (username and password)\\n\\n**Step 1: Go to the Email App**\\n\\n* Locate the Email app on your Android device. It may be on the home screen or in the app drawer.\\n* Tap on the Email app to open it.\\n\\n**Step 2: Add a New Account**\\n\\n* Tap on the ""Add account"" or ""Add email account"" button.\\n* Select ""Email"" or ""Corporate"" as the account type, depending on your email provider.\\n* Enter your email address and password in the required fields.\\n* Tap ""Next"" to proceed.\\n\\n**Step 3: Configure Server Settings**\\n\\n* The device will attempt to automatically configure the server settings. If it fails, you will need to enter the settings manually.\\n* Tap on ""Manual setup"" or ""Advanced setup"" to enter the server settings manually.\\n* Enter the following information:\\n\\t+ Incoming server: [company email server or personal email server]\\n\\t+ Port: [company email port or personal email port]\\n\\t+ Security type: [company email security type or personal email security type]\\n\\t+ Username: [your email address]\\n\\t+ Password: [your email password]\\n* Tap ""Next"" to proceed.\\n\\n**Step 4: Configure Outgoing Server Settings**\\n\\n* Enter the following information:\\n\\t+ Outgoing server: [company email server or personal email server]\\n\\t+ Port: [company email port or personal email port]\\n\\t+ Security type: [company email security type or personal email security type]\\n\\t+ Username: [your email address]\\n\\t+ Password: [your email password]\\n* Tap ""Next"" to proceed.\\n\\n**Step 5: Account Options**\\n\\n* You may be prompted to configure additional account options, such as:\\n\\t+ Sync frequency: Choose how often you want your device to sync with the email server.\\n\\t+ Sync size: Choose the maximum size of emails to sync.\\n\\t+ Delete email from server: Choose whether to delete emails from the server after syncing.\\n* Tap ""Next"" to proceed.\\n\\n**Step 6: Account Setup Complete**\\n\\n* You will be prompted to give your account a name and set it as the default account.\\n* Tap ""Done"" to complete the setup.\\n\\n**Troubleshooting Tips:**\\n\\n* If you encounter any issues during the setup process, try restarting the Email app or your device.\\n* Ensure that your email account credentials are correct and that your internet connection is stable.\\n* If you are still experiencing issues, contact the IT helpdesk for further assistance.\\n\\nBy following these steps, you should be able to successfully configure email on your Android device.\']']","Before entering server settings on an Android device, you need to go to the Email app, add a new account, and enter your email address and password.","Based on the provided context, the ideal ground truth answer to the question ""What's needed before entering server settings on Android?"" is:

""Before entering server settings on Android, you need to have an Android device with a valid internet connection, a valid email account (company email or personal email), and the email account credentials (username and password). Additionally, you should have completed the previous steps, including going to the Email app, adding a new account, and selecting the account type.""

This answer directly addresses the question and provides all the necessary information from the context that is required to enter server settings on an Android device.",1.0,0.9485022929274115,0.9999999999,0.08,1.0,0.07692307686390532,0.9089560605259512,0.6772390151314878,0,0,1,1,1
What's needed between removing and re-enrolling biometric data?,"['[\'**Resetting a Biometric Login**\\n\\nIf you are experiencing issues with your biometric login, such as a failed fingerprint or facial recognition scan, you may need to reset your biometric login credentials. This article will guide you through the steps to reset your biometric login.\\n\\n**Step 1: Ensure You Are on a Trusted Device**\\n\\nBefore resetting your biometric login, make sure you are using a trusted device that has been registered with our company\\\'s IT department. If you are using a personal device, ensure it meets our company\\\'s security requirements.\\n\\n**Step 2: Access the Biometric Login Settings**\\n\\nTo access the biometric login settings, follow these steps:\\n\\n* On a Windows device: Press the Windows key + I to open Settings. Click on ""Accounts"" and then select ""Sign-in options"" from the left menu.\\n* On a Mac device: Click the Apple menu and select ""System Preferences."" Click on ""Users & Groups"" and then select ""Login Options"" from the right menu.\\n\\n**Step 3: Remove Existing Biometric Data**\\n\\nIn the biometric login settings, locate the section related to your biometric login method (e.g., Fingerprint, Face ID, etc.). Click on the ""Remove"" or ""Delete"" button next to your existing biometric data.\\n\\n**Step 4: Restart Your Device**\\n\\nRestart your device to ensure any changes take effect.\\n\\n**Step 5: Re-Enroll Your Biometric Data**\\n\\nAfter restarting your device, return to the biometric login settings and follow the prompts to re-enroll your biometric data. This may involve re-scanning your fingerprint or re-registering your facial recognition data.\\n\\n**Step 6: Test Your Biometric Login**\\n\\nOnce you have re-enrolled your biometric data, test your biometric login to ensure it is working correctly. If you encounter any issues, please contact the IT helpdesk for further assistance.\\n\\n**Additional Tips**\\n\\n* Make sure your device\\\'s biometric sensor is clean and free of obstructions.\\n* If you have recently changed your biometric features (e.g., got a new haircut or grew a beard), you may need to re-enroll your biometric data.\\n* If you are still experiencing issues with your biometric login, please contact the IT helpdesk for further assistance.\\n\\nBy following these steps, you should be able to successfully reset your biometric login credentials and regain access to your device.\']']",You need to restart your device between removing and re-enrolling biometric data.,"Based on the provided context, the ideal ground truth answer to the question ""What's needed between removing and re-enrolling biometric data?"" is:

""Restarting your device is needed between removing and re-enrolling biometric data.""

This answer is directly supported by the context, specifically in Step 4, which states: ""**Step 4: Restart Your Device**\n\nRestart your device to ensure any changes take effect."" This step is explicitly mentioned as a necessary step between removing existing biometric data (Step 3) and re-enrolling biometric data (Step 5).",1.0,0.9636371860063321,0.9999999999,0.1,1.0,0.2727272724793388,0.9229411734966644,0.9807352933741661,0,0,1,1,1
How to install drivers and set up secure auth for a company DB?,"['[\'To set up a secure connection to a company-issued database, follow these steps:\\n\\n**Step 1: Ensure You Have the Required Software and Permissions**\\n\\n* Verify that you have the necessary database client software installed on your machine. This software can be downloaded from the company\\\'s internal software repository.\\n* Ensure you have the required permissions to access the database. If you are unsure, contact your supervisor or the database administrator for assistance.\\n\\n**Step 2: Obtain the Database Connection Details**\\n\\n* Contact the database administrator or refer to the database documentation to obtain the following information:\\n\\t+ Database server name or IP address\\n\\t+ Port number\\n\\t+ Database username and password\\n\\t+ Database name or schema\\n\\n**Step 3: Configure Your Database Client Software**\\n\\n* Launch the database client software and create a new connection profile.\\n* Enter the database server name or IP address, port number, and database name or schema in the respective fields.\\n* Select the encryption method required by the company\\\'s security policy (e.g., SSL/TLS).\\n* Enter your database username and password.\\n\\n**Step 4: Establish a Secure Connection**\\n\\n* Click the ""Connect"" or ""Login"" button to establish a connection to the database.\\n* If prompted, accept the security certificate or trust the connection.\\n* Verify that the connection is encrypted by checking the connection status or properties.\\n\\n**Step 5: Test the Connection**\\n\\n* Execute a simple query (e.g., ""SELECT 1"") to test the connection.\\n* Verify that the query returns the expected results.\\n\\n**Additional Security Considerations**\\n\\n* Ensure that your database client software and operating system are up-to-date with the latest security patches.\\n* Avoid storing database credentials in plain text or in an unsecured location.\\n* Use strong passwords and consider using a password manager to generate and store unique, complex passwords.\\n* Be cautious when accessing the database from public networks or untrusted machines.\\n\\n**Troubleshooting Tips**\\n\\n* If you encounter connection issues, check the database server status, firewall settings, and network connectivity.\\n* Verify that your database client software is configured correctly and that you are using the correct encryption method.\\n* Contact the database administrator or IT support if you need further assistance.\\n\\nBy following these steps, you should be able to establish a secure connection to the company-issued database. If you have any questions or concerns, please do not hesitate to reach out to the IT support team.\', ""To set up a secure connection to a database, follow these steps:\\n\\n**Step 1: Obtain the Required Information**\\n\\nBefore setting up a secure connection, gather the necessary information from your database administrator or the database documentation:\\n\\n* Database server name or IP address\\n* Database port number\\n* Database username and password\\n* Database name or schema\\n\\n**Step 2: Install the Required Drivers**\\n\\n Ensure you have the necessary database drivers installed on your system. The drivers may vary depending on the database management system (DBMS) you are using, such as Oracle, Microsoft SQL Server, or MySQL.\\n\\nFor example, if you are using Oracle, you may need to install the Oracle Client software, which includes the necessary drivers.\\n\\n**Step 3: Configure the Connection String**\\n\\nCreate a connection string that includes the necessary information to establish a secure connection. The connection string format may vary depending on the DBMS and the programming language or tool you are using.\\n\\nHere is an example of a connection string for Oracle:\\n```\\njdbc:oracle:thin:@//hostname:port-number/database-name\\n```\\nReplace `hostname`, `port-number`, and `database-name` with the actual values obtained in Step 1.\\n\\n**Step 4: Enable SSL/TLS Encryption**\\n\\nTo enable SSL/TLS encryption, add the necessary parameters to the connection string. For example, in Oracle, you can add the following parameters:\\n```\\njdbc:oracle:thin:@//hostname:port-number/database-name;ssl=true;oracle.net.ssl_version=1.2;oracle.net.ssl_cipher_suites=(TLS_RSA_WITH_AES_256_CBC_SHA256)\\n```\\nThis enables SSL/TLS encryption with a specific cipher suite.\\n\\n**Step 5: Test the Connection**\\n\\nUse a tool or programming language to test the connection to the database. For example, you can use the `sqlplus` command-line tool for Oracle or the `mysql` command-line tool for MySQL.\\n\\nIf the connection is successful, you should see a prompt or a successful connection message.\\n\\n**Step 6: Implement Secure Authentication**\\n\\nImplement secure authentication mechanisms, such as password encryption or Kerberos authentication, to protect the database credentials.\\n\\nFor example, you can use Oracle\'s built-in encryption mechanism, such as the `ENCRYPT` function, to encrypt the database password.\\n\\n**Step 7: Monitor and Audit the Connection**\\n\\nRegularly monitor and audit the database connection to ensure it remains secure and to detect any potential security breaches.\\n\\nThis may include logging connection attempts, monitoring database activity, and implementing intrusion detection systems.\\n\\nBy following these steps, you can establish a secure connection to a database and protect sensitive data from unauthorized access.""]']","To install the required drivers, ensure you have the necessary database drivers installed on your system. The drivers may vary depending on the database management system (DBMS) you are using, such as Oracle, Microsoft SQL Server, or MySQL. For example, if you are using Oracle, you may need to install the Oracle Client software, which includes the necessary drivers. To implement secure authentication, implement secure authentication mechanisms, such as password encryption or Kerberos authentication, to protect the database credentials. For example, you can use Oracle's built-in encryption mechanism, such as the `ENCRYPT` function, to encrypt the database password.","Based on the provided context, the ideal ground truth answer to the question ""How to install drivers and set up secure auth for a company DB?"" is:

To install drivers and set up secure authentication for a company database, follow these steps:

**Step 1: Ensure You Have the Required Software and Permissions**

* Verify that you have the necessary database client software installed on your machine, which can be downloaded from the company's internal software repository.
* Ensure you have the required permissions to access the database. If you are unsure, contact your supervisor or the database administrator for assistance.

**Step 2: Obtain the Database Connection Details**

* Contact the database administrator or refer to the database documentation to obtain the following information:
	+ Database server name or IP address
	+ Port number
	+ Database username and password
	+ Database name or schema

**Step 3: Install the Required Drivers**

* Ensure you have the necessary database drivers installed on your system, which may vary depending on the database management system (DBMS) you are using, such as Oracle, Microsoft SQL Server, or MySQL.

**Step 4: Configure the Connection String**

* Create a connection string that includes the necessary information to establish a secure connection. The connection string format may vary depending on the DBMS and the programming language or tool you are using.

**Step 5: Enable SSL/TLS Encryption**

* Add the necessary parameters to the connection string to enable SSL/TLS encryption, such as `ssl=true` and `oracle.net.ssl_version=1.2` for Oracle.

**Step 6: Implement Secure Authentication**

* Implement secure authentication mechanisms, such as password encryption or Kerberos authentication, to protect the database credentials.

**Additional Security Considerations**

* Ensure that your database client software and operating system are up-to-date with the latest security patches.
* Avoid storing database credentials in plain text or in an unsecured location.
* Use strong passwords and consider using a password manager to generate and store unique, complex passwords.
* Be cautious when accessing the database from public networks or untrusted machines.

By following these steps, you should be able to install the necessary drivers and set up secure authentication for the company database.",0.8,0.8834952108708234,0.9999999999,0.02631578947368421,0.4,0.559999999776,0.9207257063108953,0.5301814265777238,0,0,1,1,1
How to reset corp vs. vendor/partner acct passwords via IT Helpdesk?,"['[\'To reset a forgotten network password, follow these steps:\\n\\n**Step 1: Identify Your Account Type**\\nBefore proceeding, determine if you have a corporate account or a vendor/partner account. This will affect the password reset process.\\n\\n**Step 2: Corporate Account Password Reset**\\nIf you have a corporate account, follow these steps:\\n\\n* Go to the company\\\'s intranet portal ([www.intranet.company.com](http://www.intranet.company.com)) and click on the ""Forgot Password"" link.\\n* Enter your username (without the domain) and click ""Next"".\\n* Enter the CAPTCHA code and click ""Next"".\\n* Choose a password reset method: either receive a password reset link via email or answer your security questions.\\n* If you choose to receive a password reset link, check your email inbox (and spam folder) for an email from the IT department. Click on the link and follow the instructions to reset your password.\\n* If you choose to answer your security questions, answer the questions correctly and click ""Next"". You will be prompted to reset your password.\\n* Enter a new password that meets the company\\\'s password policy requirements (at least 12 characters, including uppercase and lowercase letters, numbers, and special characters).\\n* Confirm your new password and click ""Reset Password"".\\n\\n**Step 3: Vendor/Partner Account Password Reset**\\nIf you have a vendor/partner account, follow these steps:\\n\\n* Contact your company\\\'s vendor/partner administrator or the IT helpdesk (x5555 or [helpdesk@company.com](mailto:helpdesk@company.com)) to request a password reset.\\n* Provide your username and a brief description of your issue.\\n* The IT helpdesk will verify your identity and reset your password.\\n* You will receive an email with a temporary password. Log in to the system using the temporary password and change it immediately to a password of your choice.\\n\\n**Additional Tips**\\n\\n* If you are unable to reset your password using the above methods, contact the IT helpdesk for further assistance.\\n* Remember to update your password on all devices and applications that use your network credentials.\\n* Consider enabling two-factor authentication (2FA) to add an extra layer of security to your account.\\n\\n**Password Policy Reminders**\\n\\n* Passwords must be changed every 90 days.\\n* Passwords must meet the company\\\'s password policy requirements.\\n* Do not share your password with anyone.\\n* Do not use previously used passwords.\']']","To reset a vendor/partner account password via the IT Helpdesk, contact your company's vendor/partner administrator or the IT helpdesk (x5555 or helpdesk@company.com) to request a password reset. Provide your username and a brief description of your issue. The IT helpdesk will verify your identity and reset your password. You will receive an email with a temporary password, which you should use to log in and change immediately to a password of your choice. For corporate accounts, the context does not specify a direct IT Helpdesk reset process.","Here is the ideal ground truth answer:

To reset a corp vs. vendor/partner account password via IT Helpdesk, follow these steps:

**For Corporate Accounts:**

1. Go to the company's intranet portal ([www.intranet.company.com](http://www.intranet.company.com)) and click on the ""Forgot Password"" link.
2. Enter your username (without the domain) and click ""Next"".
3. Enter the CAPTCHA code and click ""Next"".
4. Choose a password reset method: either receive a password reset link via email or answer your security questions.

**For Vendor/Partner Accounts:**

1. Contact the IT helpdesk (x5555 or [helpdesk@company.com](mailto:helpdesk@company.com)) to request a password reset.
2. Provide your username and a brief description of your issue.
3. The IT helpdesk will verify your identity and reset your password.
4. You will receive an email with a temporary password. Log in to the system using the temporary password and change it immediately to a password of your choice.

In both cases, if you are unable to reset your password using these methods, contact the IT helpdesk for further assistance.",1.0,0.9516684579849128,0.9999999999,0.04,1.0,0.6363636357851239,0.9523319917503192,0.7117672084638955,0,0,1,1,1
What steps to check for updates on a connected tablet?,"['[""**Troubleshooting Issues with Company-Issued Tablets**\\n\\nThis article provides step-by-step guidance for troubleshooting common issues with company-issued tablets. Please follow the steps outlined below to resolve the issue before escalating to advanced support.\\n\\n**Step 1: Power Cycle the Tablet**\\n\\n* Press and hold the power button until the tablet shuts down.\\n* Wait for 30 seconds to allow any residual power to drain.\\n* Press the power button again to turn the tablet back on.\\n* Observe if the issue persists.\\n\\n**Step 2: Check for Software Updates**\\n\\n* Ensure the tablet is connected to a stable internet connection.\\n* Go to **Settings** > **System** > **System Update**.\\n* Check for available software updates and install any pending updates.\\n* Restart the tablet after installation.\\n\\n**Step 3: Restart in Safe Mode**\\n\\n* Press and hold the power button until the tablet shuts down.\\n* Press the power button again to turn the tablet back on.\\n* Immediately hold down the **Volume Down** button until the tablet boots into safe mode.\\n* Observe if the issue persists in safe mode.\\n\\n**Step 4: Check for App-Related Issues**\\n\\n* Identify the app that is experiencing issues.\\n* Go to **Settings** > **Apps** > **[App Name]**.\\n* Clear the app\'s cache and data.\\n* Restart the app to see if the issue is resolved.\\n\\n**Step 5: Perform a Factory Reset**\\n\\n* Go to **Settings** > **System** > **Advanced** > **Reset Options**.\\n* Select **Erase all data (factory reset)**.\\n* Follow the prompts to complete the reset process.\\n* Note: This step will erase all data on the tablet, so ensure that all important data is backed up before proceeding.\\n\\n**Step 6: Check for Hardware Issues**\\n\\n* Inspect the tablet for any signs of physical damage or wear.\\n* Check the charging port and ensure it is free from debris.\\n* Try using a different charging cable or power source.\\n\\n**Step 7: Gather Diagnostic Information**\\n\\n* Go to **Settings** > **System** > **About Tablet**.\\n* Take note of the tablet\'s operating system version, device ID, and any error messages.\\n* Provide this information to advanced support if the issue cannot be resolved through these troubleshooting steps.\\n\\nIf none of the above steps resolve the issue, please escalate the issue to advanced support, providing as much detail as possible about the problem and the steps taken so far.""]']","To check for software updates on a connected tablet, ensure the tablet is connected to a stable internet connection. Then, go to Settings > System > System Update. Check for available software updates and install any pending updates. Restart the tablet after installation.","Here is the ideal ground truth answer:

To check for updates on a connected tablet, follow these steps:

1. Ensure the tablet is connected to a stable internet connection.
2. Go to **Settings** > **System** > **System Update**.
3. Check for available software updates and install any pending updates.
4. Restart the tablet after installation.

This answer is directly based on the provided context, specifically **Step 2: Check for Software Updates**, which outlines the steps to check for software updates on a connected tablet.",1.0,0.9709082887933512,0.9999999999,0.1,1.0,0.37499999953124996,0.9556349799339676,0.7004472065219535,0,0,1,1,1
